thisN,thisTrialN,thisRepN,key_resp.keys,key_resp.corr,key_resp.rt,key_resp.duration,tilt,trials.thisRepN,trials.thisTrialN,trials.thisN,trials.thisIndex,thisRow.t,notes,trial.started,fixation.started,fixation.stopped,key_resp.started,trial.stopped,trials.key_resp.keys,trials.key_resp.corr,trials.key_resp.rt,trials.key_resp.duration,trials.tilt,participant,session,date,expName,expVersion,psychopyVersion,frameRate,expStart,
0,0,0,up,1,1.0381654000002527,None,0,0,0,0,0,0.01163289999931294,,0.005249799999546667,0.01163289999931294,1.0016012999994928,1.0016012999994928,3.1779862999992474,up,1,1.0381654000002527,None,0,1,001,2025-09-10_18h03.24.581,orientation_discrimination,,2025.1.1,146.2730361755524,2025-09-10 18h03.33.533957 +0530,
1,0,1,up,0,0.7068628999995781,None,-2,1,0,1,0,3.184227999999166,,3.1782242999997834,3.184227999999166,4.170363699999143,4.170363699999143,4.880880299999262,up,0,0.7068628999995781,None,-2,1,001,2025-09-10_18h03.24.581,orientation_discrimination,,2025.1.1,146.2730361755524,2025-09-10 18h03.33.533957 +0530,
2,0,2,down,1,0.7168886999997994,None,4,2,0,2,0,4.886339599999701,,4.881057399999918,4.886339599999701,5.872399500000029,5.872399500000029,6.59443679999913,down,1,0.7168886999997994,None,4,1,001,2025-09-10_18h03.24.581,orientation_discrimination,,2025.1.1,146.2730361755524,2025-09-10 18h03.33.533957 +0530,
3,0,3,down,0,0.6402665999994497,None,0,3,0,3,0,6.60103269999945,,6.594617599999765,6.60103269999945,7.587701799999195,7.587701799999195,8.23307399999976,down,0,0.6402665999994497,None,0,1,001,2025-09-10_18h03.24.581,orientation_discrimination,,2025.1.1,146.2730361755524,2025-09-10 18h03.33.533957 +0530,
4,0,4,up,1,0.5369499000007636,None,0,4,0,4,0,8.239957499999946,,8.23323579999942,8.239957499999946,9.226314399999865,9.226314399999865,9.768424699999741,up,1,0.5369499000007636,None,0,1,001,2025-09-10_18h03.24.581,orientation_discrimination,,2025.1.1,146.2730361755524,2025-09-10 18h03.33.533957 +0530,
5,0,5,down,1,0.49092689999997674,None,4,5,0,5,0,9.774964199999886,,9.768694099999266,9.774964199999886,10.761281799999779,10.761281799999779,11.254664399999456,down,1,0.49092689999997674,None,4,1,001,2025-09-10_18h03.24.581,orientation_discrimination,,2025.1.1,146.2730361755524,2025-09-10 18h03.33.533957 +0530,
6,0,6,up,1,1.04682959999991,None,0,6,0,6,0,11.261060599999837,,11.254823399999623,11.261060599999837,12.247537999999622,12.247537999999622,13.296307599999636,up,1,1.04682959999991,None,0,1,001,2025-09-10_18h03.24.581,orientation_discrimination,,2025.1.1,146.2730361755524,2025-09-10 18h03.33.533957 +0530,
7,0,7,down,1,1.05649910000011,None,-4,7,0,7,0,13.302862599999571,,13.296479999999974,13.302862599999571,14.289046599999892,14.289046599999892,15.351450499999373,down,1,1.05649910000011,None,-4,1,001,2025-09-10_18h03.24.581,orientation_discrimination,,2025.1.1,146.2730361755524,2025-09-10 18h03.33.533957 +0530,
8,0,8,down,1,0.7055823000000601,None,-3,8,0,8,0,15.358315299999958,,15.35173929999928,15.358315299999958,16.344002199999522,16.344002199999522,17.052805799999987,down,1,0.7055823000000601,None,-3,1,001,2025-09-10_18h03.24.581,orientation_discrimination,,2025.1.1,146.2730361755524,2025-09-10 18h03.33.533957 +0530,
9,0,9,down,0,0.8130317999994077,None,0,9,0,9,0,17.059213499999714,,17.053065799999786,17.059213499999714,18.046608799999376,18.046608799999376,18.86521399999947,down,0,0.8130317999994077,None,0,1,001,2025-09-10_18h03.24.581,orientation_discrimination,,2025.1.1,146.2730361755524,2025-09-10 18h03.33.533957 +0530,
10,0,10,up,0,0.6383691999999428,None,1,10,0,10,0,18.872108699999444,,18.86538549999932,18.872108699999444,19.85793029999968,19.85793029999968,20.497535999999855,up,0,0.6383691999999428,None,1,1,001,2025-09-10_18h03.24.581,orientation_discrimination,,2025.1.1,146.2730361755524,2025-09-10 18h03.33.533957 +0530,
11,0,11,up,1,0.5782982000000629,None,0,11,0,11,0,20.504299100000026,,20.49768849999964,20.504299100000026,21.489850099999785,21.489850099999785,22.07391649999954,up,1,0.5782982000000629,None,0,1,001,2025-09-10_18h03.24.581,orientation_discrimination,,2025.1.1,146.2730361755524,2025-09-10 18h03.33.533957 +0530,
12,0,12,down,1,0.5301851000003808,None,-4,12,0,12,0,22.080579999999827,,22.074073899999348,22.080579999999827,23.06644299999971,23.06644299999971,23.601296099999672,down,1,0.5301851000003808,None,-4,1,001,2025-09-10_18h03.24.581,orientation_discrimination,,2025.1.1,146.2730361755524,2025-09-10 18h03.33.533957 +0530,
13,0,13,up,1,0.9085921000005328,None,0,13,0,13,0,23.60797999999977,,23.601462499999798,23.60797999999977,24.5952656999998,24.5952656999998,25.50481579999996,up,1,0.9085921000005328,None,0,1,001,2025-09-10_18h03.24.581,orientation_discrimination,,2025.1.1,146.2730361755524,2025-09-10 18h03.33.533957 +0530,
14,0,14,down,1,1.3581965000003038,None,3,14,0,14,0,25.511396299999433,,25.5050683999998,25.511396299999433,26.497408899999755,26.497408899999755,27.858418799999527,down,1,1.3581965000003038,None,3,1,001,2025-09-10_18h03.24.581,orientation_discrimination,,2025.1.1,146.2730361755524,2025-09-10 18h03.33.533957 +0530,
15,0,15,down,0,1.1213414000003468,None,0,15,0,15,0,27.86552809999921,,27.858564099999967,27.86552809999921,28.8512953999998,28.8512953999998,29.976972299999943,down,0,1.1213414000003468,None,0,1,001,2025-09-10_18h03.24.581,orientation_discrimination,,2025.1.1,146.2730361755524,2025-09-10 18h03.33.533957 +0530,
16,0,16,up,0,0.8941434000007575,None,4,16,0,16,0,29.983681499999875,,29.97715049999988,29.983681499999875,30.969556699999885,30.969556699999885,31.86602579999999,up,0,0.8941434000007575,None,4,1,001,2025-09-10_18h03.24.581,orientation_discrimination,,2025.1.1,146.2730361755524,2025-09-10 18h03.33.533957 +0530,
17,0,17,up,1,0.6600529000006645,None,0,17,0,17,0,31.8726858,,31.86616419999973,31.8726858,32.8584637999993,32.8584637999993,33.52597279999918,up,1,0.6600529000006645,None,0,1,001,2025-09-10_18h03.24.581,orientation_discrimination,,2025.1.1,146.2730361755524,2025-09-10 18h03.33.533957 +0530,
18,0,18,down,1,0.6094402999997328,None,-4,18,0,18,0,33.5324415999994,,33.526139699999476,33.5324415999994,34.51822129999982,34.51822129999982,35.12982099999954,down,1,0.6094402999997328,None,-4,1,001,2025-09-10_18h03.24.581,orientation_discrimination,,2025.1.1,146.2730361755524,2025-09-10 18h03.33.533957 +0530,
19,0,19,down,0,0.7968423000002076,None,0,19,0,19,0,35.13589429999956,,35.1299870999992,35.13589429999956,36.12209399999938,36.12209399999938,36.921690999999555,down,0,0.7968423000002076,None,0,1,001,2025-09-10_18h03.24.581,orientation_discrimination,,2025.1.1,146.2730361755524,2025-09-10 18h03.33.533957 +0530,
20,0,20,up,0,1.7142980999997235,None,-2,20,0,20,0,36.92825719999928,,36.92186769999989,36.92825719999928,37.9137484999992,37.9137484999992,39.63036159999956,up,0,1.7142980999997235,None,-2,1,001,2025-09-10_18h03.24.581,orientation_discrimination,,2025.1.1,146.2730361755524,2025-09-10 18h03.33.533957 +0530,
21,0,21,down,1,0.7989889000000403,None,-3,21,0,21,0,39.636569999999665,,39.63052199999947,39.636569999999665,40.6223059999993,40.6223059999993,41.42834599999969,down,1,0.7989889000000403,None,-3,1,001,2025-09-10_18h03.24.581,orientation_discrimination,,2025.1.1,146.2730361755524,2025-09-10 18h03.33.533957 +0530,
22,0,22,up,1,0.8650864000001093,None,0,22,0,22,0,41.43472659999952,,41.428522399999565,41.43472659999952,42.42118049999954,42.42118049999954,43.28923659999964,up,1,0.8650864000001093,None,0,1,001,2025-09-10_18h03.24.581,orientation_discrimination,,2025.1.1,146.2730361755524,2025-09-10 18h03.33.533957 +0530,
23,0,23,down,1,0.9810682999996061,None,4,23,0,23,0,43.29583389999971,,43.289559499999996,43.29583389999971,44.28228339999987,44.28228339999987,45.268195799999376,down,1,0.9810682999996061,None,4,1,001,2025-09-10_18h03.24.581,orientation_discrimination,,2025.1.1,146.2730361755524,2025-09-10 18h03.33.533957 +0530,
24,0,24,down,1,1.053607199999533,None,4,24,0,24,0,45.27513999999974,,45.268350099999225,45.27513999999974,46.261643699999695,46.261643699999695,47.31763579999915,down,1,1.053607199999533,None,4,1,001,2025-09-10_18h03.24.581,orientation_discrimination,,2025.1.1,146.2730361755524,2025-09-10 18h03.33.533957 +0530,
25,0,25,up,0,0.844810000000507,None,1,25,0,25,0,47.32417919999989,,47.317950999999994,47.32417919999989,48.3099057999998,48.3099057999998,49.157334499999706,up,0,0.844810000000507,None,1,1,001,2025-09-10_18h03.24.581,orientation_discrimination,,2025.1.1,146.2730361755524,2025-09-10 18h03.33.533957 +0530,
26,0,26,up,1,1.162568800000372,None,0,26,0,26,0,49.16416619999927,,49.15750129999924,49.16416619999927,50.15031519999957,50.15031519999957,51.31719189999967,up,1,1.162568800000372,None,0,1,001,2025-09-10_18h03.24.581,orientation_discrimination,,2025.1.1,146.2730361755524,2025-09-10 18h03.33.533957 +0530,
27,0,27,up,1,0.9766295999997965,None,0,27,0,27,0,51.32380639999974,,51.317365699999755,51.32380639999974,52.30995659999917,52.30995659999917,53.28911599999992,up,1,0.9766295999997965,None,0,1,001,2025-09-10_18h03.24.581,orientation_discrimination,,2025.1.1,146.2730361755524,2025-09-10 18h03.33.533957 +0530,
28,0,28,up,0,0.7919644000003245,None,2,28,0,28,0,53.295952399999805,,53.2892753999995,53.295952399999805,54.28244509999968,54.28244509999968,55.07485109999925,up,0,0.7919644000003245,None,2,1,001,2025-09-10_18h03.24.581,orientation_discrimination,,2025.1.1,146.2730361755524,2025-09-10 18h03.33.533957 +0530,
29,0,29,down,1,0.44961290000082954,None,-5,29,0,29,0,55.0810993999994,,55.07503709999946,55.0810993999994,56.067004199999246,56.067004199999246,56.5190421999996,down,1,0.44961290000082954,None,-5,1,001,2025-09-10_18h03.24.581,orientation_discrimination,,2025.1.1,146.2730361755524,2025-09-10 18h03.33.533957 +0530,
30,0,30,down,1,1.6732025000001158,None,3,30,0,30,0,56.525716199999806,,56.51920369999971,56.525716199999806,57.51149459999942,57.51149459999942,59.186185399999886,down,1,1.6732025000001158,None,3,1,001,2025-09-10_18h03.24.581,orientation_discrimination,,2025.1.1,146.2730361755524,2025-09-10 18h03.33.533957 +0530,
31,0,31,up,1,0.7547253000002456,None,0,31,0,31,0,59.19242189999932,,59.18633979999959,59.19242189999932,60.17893169999934,60.17893169999934,60.93608559999939,up,1,0.7547253000002456,None,0,1,001,2025-09-10_18h03.24.581,orientation_discrimination,,2025.1.1,146.2730361755524,2025-09-10 18h03.33.533957 +0530,
32,0,32,down,0,1.0661327000007077,None,0,32,0,32,0,60.942894399999204,,60.936310399999456,60.942894399999204,61.92820529999972,61.92820529999972,62.9980458,down,0,1.0661327000007077,None,0,1,001,2025-09-10_18h03.24.581,orientation_discrimination,,2025.1.1,146.2730361755524,2025-09-10 18h03.33.533957 +0530,
33,0,33,up,1,0.8040055000001303,None,0,33,0,33,0,63.004813399999875,,62.998200399999405,63.004813399999875,63.990810299999794,63.990810299999794,64.7977680999993,up,1,0.8040055000001303,None,0,1,001,2025-09-10_18h03.24.581,orientation_discrimination,,2025.1.1,146.2730361755524,2025-09-10 18h03.33.533957 +0530,
34,0,34,up,1,0.5866412999994282,None,0,34,0,34,0,64.80327549999947,,64.79803579999952,64.80327549999947,65.78922449999936,65.78922449999936,66.37996619999922,up,1,0.5866412999994282,None,0,1,001,2025-09-10_18h03.24.581,orientation_discrimination,,2025.1.1,146.2730361755524,2025-09-10 18h03.33.533957 +0530,
35,0,35,up,0,0.7851960999996663,None,1,35,0,35,0,66.38633969999955,,66.38019389999954,66.38633969999955,67.37307709999914,67.37307709999914,68.16502149999997,up,0,0.7851960999996663,None,1,1,001,2025-09-10_18h03.24.581,orientation_discrimination,,2025.1.1,146.2730361755524,2025-09-10 18h03.33.533957 +0530,
36,0,36,down,1,0.5629591000006258,None,-3,36,0,36,0,68.17144579999967,,68.16524200000003,68.17144579999967,69.15760030000001,69.15760030000001,69.727484,down,1,0.5629591000006258,None,-3,1,001,2025-09-10_18h03.24.581,orientation_discrimination,,2025.1.1,146.2730361755524,2025-09-10 18h03.33.533957 +0530,
37,0,37,down,0,0.9063414000002012,None,0,37,0,37,0,69.73375109999961,,69.72764799999914,69.73375109999961,70.72023439999975,70.72023439999975,71.63005079999948,down,0,0.9063414000002012,None,0,1,001,2025-09-10_18h03.24.581,orientation_discrimination,,2025.1.1,146.2730361755524,2025-09-10 18h03.33.533957 +0530,
38,0,38,up,0,0.7048905999999988,None,2,38,0,38,0,71.63687489999938,,71.63023819999944,71.63687489999938,72.62319499999921,72.62319499999921,73.33161199999995,up,0,0.7048905999999988,None,2,1,001,2025-09-10_18h03.24.581,orientation_discrimination,,2025.1.1,146.2730361755524,2025-09-10 18h03.33.533957 +0530,
39,0,39,down,0,1.5556151999999202,None,0,39,0,39,0,73.33811849999984,,73.33177039999919,73.33811849999984,74.32408369999939,74.32408369999939,75.88120039999922,down,0,1.5556151999999202,None,0,1,001,2025-09-10_18h03.24.581,orientation_discrimination,,2025.1.1,146.2730361755524,2025-09-10 18h03.33.533957 +0530,
40,0,40,up,0,0.6250108999993245,None,1,40,0,40,0,75.88671629999953,,75.8813911999996,75.88671629999953,76.87327839999944,76.87327839999944,77.49858219999987,up,0,0.6250108999993245,None,1,1,001,2025-09-10_18h03.24.581,orientation_discrimination,,2025.1.1,146.2730361755524,2025-09-10 18h03.33.533957 +0530,
41,0,41,down,0,1.0384898000002067,None,0,41,0,41,0,77.50504069999988,,77.4987887999996,77.50504069999988,78.49197529999947,78.49197529999947,79.53358899999967,down,0,1.0384898000002067,None,0,1,001,2025-09-10_18h03.24.581,orientation_discrimination,,2025.1.1,146.2730361755524,2025-09-10 18h03.33.533957 +0530,
42,0,42,up,0,0.7810431000007156,None,4,42,0,42,0,79.5400213999992,,79.53378169999996,79.5400213999992,80.52578129999984,80.52578129999984,81.31088789999922,up,0,0.7810431000007156,None,4,1,001,2025-09-10_18h03.24.581,orientation_discrimination,,2025.1.1,146.2730361755524,2025-09-10 18h03.33.533957 +0530,
43,0,43,up,1,0.7410122999999658,None,0,43,0,43,0,81.31755379999959,,81.31105630000002,81.31755379999959,82.30367999999999,82.30367999999999,83.0473766999994,up,1,0.7410122999999658,None,0,1,001,2025-09-10_18h03.24.581,orientation_discrimination,,2025.1.1,146.2730361755524,2025-09-10 18h03.33.533957 +0530,
44,0,44,down,1,0.6322465000002921,None,-5,44,0,44,0,83.05376979999983,,83.04758649999985,83.05376979999983,84.0403624999999,84.0403624999999,84.72015519999968,down,1,0.6322465000002921,None,-5,1,001,2025-09-10_18h03.24.581,orientation_discrimination,,2025.1.1,146.2730361755524,2025-09-10 18h03.33.533957 +0530,
45,0,45,up,0,1.0115045000002283,None,2,45,0,45,0,84.72705619999942,,84.72030819999964,84.72705619999942,85.71335609999915,85.71335609999915,86.72800749999988,up,0,1.0115045000002283,None,2,1,001,2025-09-10_18h03.24.581,orientation_discrimination,,2025.1.1,146.2730361755524,2025-09-10 18h03.33.533957 +0530,
46,0,46,down,0,0.9175914999996166,None,0,46,0,46,0,86.73404589999973,,86.72822089999954,86.73404589999973,87.72050109999964,87.72050109999964,88.63887309999973,down,0,0.9175914999996166,None,0,1,001,2025-09-10_18h03.24.581,orientation_discrimination,,2025.1.1,146.2730361755524,2025-09-10 18h03.33.533957 +0530,
47,0,47,down,1,1.1109950999998546,None,3,47,0,47,0,88.64411319999999,,88.63917999999921,88.64411319999999,89.63039519999984,89.63039519999984,90.74264509999921,down,1,1.1109950999998546,None,3,1,001,2025-09-10_18h03.24.581,orientation_discrimination,,2025.1.1,146.2730361755524,2025-09-10 18h03.33.533957 +0530,
48,0,48,down,1,1.5737460000000283,None,-2,48,0,48,0,90.74818919999962,,90.74283709999963,90.74818919999962,91.73432279999997,91.73432279999997,93.3124785,down,1,1.5737460000000283,None,-2,1,001,2025-09-10_18h03.24.581,orientation_discrimination,,2025.1.1,146.2730361755524,2025-09-10 18h03.33.533957 +0530,
49,0,49,up,0,0.6035382000000027,None,4,49,0,49,0,93.3179154999998,,93.31277059999957,93.3179154999998,94.30458929999986,94.30458929999986,94.90910809999968,up,0,0.6035382000000027,None,4,1,001,2025-09-10_18h03.24.581,orientation_discrimination,,2025.1.1,146.2730361755524,2025-09-10 18h03.33.533957 +0530,
50,0,50,up,1,0.7837028000003556,None,0,50,0,50,0,94.91480859999956,,94.90928669999994,94.91480859999956,95.9009688999995,95.9009688999995,96.68681259999994,up,1,0.7837028000003556,None,0,1,001,2025-09-10_18h03.24.581,orientation_discrimination,,2025.1.1,146.2730361755524,2025-09-10 18h03.33.533957 +0530,
51,0,51,down,1,0.9695382999998401,None,-2,51,0,51,0,96.69262319999962,,96.68699659999947,96.69262319999962,97.67975919999935,97.67975919999935,98.65194969999993,down,1,0.9695382999998401,None,-2,1,001,2025-09-10_18h03.24.581,orientation_discrimination,,2025.1.1,146.2730361755524,2025-09-10 18h03.33.533957 +0530,
52,0,52,up,0,2.3379274999997506,None,1,52,0,52,0,98.65788429999975,,98.65235679999932,98.65788429999975,99.64411440000003,99.64411440000003,101.98532979999982,up,0,2.3379274999997506,None,1,1,001,2025-09-10_18h03.24.581,orientation_discrimination,,2025.1.1,146.2730361755524,2025-09-10 18h03.33.533957 +0530,
53,0,53,down,0,0.7922167000006084,None,0,53,0,53,0,101.9912789,,101.98553149999952,101.9912789,102.97770169999967,102.97770169999967,103.77651589999914,down,0,0.7922167000006084,None,0,1,001,2025-09-10_18h03.24.581,orientation_discrimination,,2025.1.1,146.2730361755524,2025-09-10 18h03.33.533957 +0530,
54,0,54,up,1,0.9254170000003796,None,0,54,0,54,0,103.78303079999932,,103.7766904,103.78303079999932,104.76940990000003,104.76940990000003,105.70139699999982,up,1,0.9254170000003796,None,0,1,001,2025-09-10_18h03.24.581,orientation_discrimination,,2025.1.1,146.2730361755524,2025-09-10 18h03.33.533957 +0530,
55,0,55,down,1,0.6281675000000178,None,-3,55,0,55,0,105.70696679999946,,105.70171879999998,105.70696679999946,106.69285760000002,106.69285760000002,107.32602509999924,down,1,0.6281675000000178,None,-3,1,001,2025-09-10_18h03.24.581,orientation_discrimination,,2025.1.1,146.2730361755524,2025-09-10 18h03.33.533957 +0530,
56,0,56,down,0,0.3814209000001938,None,0,56,0,56,0,107.33232359999965,,107.32629139999972,107.33232359999965,108.31900699999915,108.31900699999915,108.70096329999978,down,0,0.3814209000001938,None,0,1,001,2025-09-10_18h03.24.581,orientation_discrimination,,2025.1.1,146.2730361755524,2025-09-10 18h03.33.533957 +0530,
57,0,57,down,0,1.7249762000001283,None,0,57,0,57,0,108.70672819999982,,108.70122009999977,108.70672819999982,109.69325019999997,109.69325019999997,111.4221136999995,down,0,1.7249762000001283,None,0,1,001,2025-09-10_18h03.24.581,orientation_discrimination,,2025.1.1,146.2730361755524,2025-09-10 18h03.33.533957 +0530,
58,0,58,up,0,0.5718796000001021,None,1,58,0,58,0,111.42882299999928,,111.42227509999975,111.42882299999928,112.4156611999997,112.4156611999997,112.99196199999915,up,0,0.5718796000001021,None,1,1,001,2025-09-10_18h03.24.581,orientation_discrimination,,2025.1.1,146.2730361755524,2025-09-10 18h03.33.533957 +0530,
59,0,59,down,1,0.7549536000005901,None,-3,59,0,59,0,112.99860360000002,,112.99217339999996,112.99860360000002,113.98470869999983,113.98470869999983,114.74252089999936,down,1,0.7549536000005901,None,-3,1,001,2025-09-10_18h03.24.581,orientation_discrimination,,2025.1.1,146.2730361755524,2025-09-10 18h03.33.533957 +0530,
60,0,60,down,0,1.1849544000006063,None,0,60,0,60,0,114.74912069999937,,114.7426891999994,114.74912069999937,115.73481439999978,115.73481439999978,116.92256339999949,down,0,1.1849544000006063,None,0,1,001,2025-09-10_18h03.24.581,orientation_discrimination,,2025.1.1,146.2730361755524,2025-09-10 18h03.33.533957 +0530,
61,0,61,down,1,1.8088773999998011,None,-4,61,0,61,0,116.92874639999991,,116.92273989999921,116.92874639999991,117.91531619999932,117.91531619999932,119.72864349999963,down,1,1.8088773999998011,None,-4,1,001,2025-09-10_18h03.24.581,orientation_discrimination,,2025.1.1,146.2730361755524,2025-09-10 18h03.33.533957 +0530,
62,0,62,up,1,0.648667999999816,None,0,62,0,62,0,119.73447259999921,,119.72881199999938,119.73447259999921,120.72087849999934,120.72087849999934,121.37390369999957,up,1,0.648667999999816,None,0,1,001,2025-09-10_18h03.24.581,orientation_discrimination,,2025.1.1,146.2730361755524,2025-09-10 18h03.33.533957 +0530,
63,0,63,up,0,0.589603200000056,None,2,63,0,63,0,121.38067559999945,,121.3740799999996,121.38067559999945,122.36690089999956,122.36690089999956,122.95809429999917,up,0,0.589603200000056,None,2,1,001,2025-09-10_18h03.24.581,orientation_discrimination,,2025.1.1,146.2730361755524,2025-09-10 18h03.33.533957 +0530,
64,0,64,down,0,1.0402553000003536,None,0,64,0,64,0,122.96354069999961,,122.95827719999943,122.96354069999961,123.94977309999922,123.94977309999922,124.99337549999927,down,0,1.0402553000003536,None,0,1,001,2025-09-10_18h03.24.581,orientation_discrimination,,2025.1.1,146.2730361755524,2025-09-10 18h03.33.533957 +0530,
65,0,65,up,1,0.533520299999509,None,0,65,0,65,0,124.99872899999991,,124.99370369999997,124.99872899999991,125.98472259999926,125.98472259999926,126.52111159999913,up,1,0.533520299999509,None,0,1,001,2025-09-10_18h03.24.581,orientation_discrimination,,2025.1.1,146.2730361755524,2025-09-10 18h03.33.533957 +0530,
66,0,66,down,1,1.3616742000003796,None,-2,66,0,66,0,126.52628800000002,,126.52133839999988,126.52628800000002,127.51221619999978,127.51221619999978,128.87510159999965,down,1,1.3616742000003796,None,-2,1,001,2025-09-10_18h03.24.581,orientation_discrimination,,2025.1.1,146.2730361755524,2025-09-10 18h03.33.533957 +0530,
67,0,67,down,1,0.5442347999996855,None,-2,67,0,67,0,128.8805629999997,,128.8752885999993,128.8805629999997,129.86697129999993,129.86697129999993,130.41538469999978,down,1,0.5442347999996855,None,-2,1,001,2025-09-10_18h03.24.581,orientation_discrimination,,2025.1.1,146.2730361755524,2025-09-10 18h03.33.533957 +0530,
68,0,68,down,1,0.5930119000004197,None,-4,68,0,68,0,130.42224589999933,,130.41555639999933,130.42224589999933,131.40931289999935,131.40931289999935,132.00595559999965,down,1,0.5930119000004197,None,-4,1,001,2025-09-10_18h03.24.581,orientation_discrimination,,2025.1.1,146.2730361755524,2025-09-10 18h03.33.533957 +0530,
69,0,69,up,1,0.6267319999997198,None,0,69,0,69,0,132.01230450000003,,132.00617199999942,132.01230450000003,132.99972379999963,132.99972379999963,133.63119799999913,up,1,0.6267319999997198,None,0,1,001,2025-09-10_18h03.24.581,orientation_discrimination,,2025.1.1,146.2730361755524,2025-09-10 18h03.33.533957 +0530,
70,0,70,up,1,0.5898754999998346,None,0,70,0,70,0,133.6376333999997,,133.63138749999962,133.6376333999997,134.62379619999956,134.62379619999956,135.21507139999994,up,1,0.5898754999998346,None,0,1,001,2025-09-10_18h03.24.581,orientation_discrimination,,2025.1.1,146.2730361755524,2025-09-10 18h03.33.533957 +0530,
71,0,71,down,0,0.6867107000007309,None,0,71,0,71,0,135.22119919999932,,135.21524699999918,135.22119919999932,136.20719029999964,136.20719029999964,136.89528209999935,down,0,0.6867107000007309,None,0,1,001,2025-09-10_18h03.24.581,orientation_discrimination,,2025.1.1,146.2730361755524,2025-09-10 18h03.33.533957 +0530,
72,0,72,down,1,1.0918395999997301,None,-2,72,0,72,0,136.90176689999953,,136.89547969999967,136.90176689999953,137.88775449999957,137.88775449999957,138.9862663999993,down,1,1.0918395999997301,None,-2,1,001,2025-09-10_18h03.24.581,orientation_discrimination,,2025.1.1,146.2730361755524,2025-09-10 18h03.33.533957 +0530,
73,0,73,up,1,0.6531156999999439,None,0,73,0,73,0,138.99278389999927,,138.98643259999972,138.99278389999927,139.9779456999995,139.9779456999995,140.63318769999933,up,1,0.6531156999999439,None,0,1,001,2025-09-10_18h03.24.581,orientation_discrimination,,2025.1.1,146.2730361755524,2025-09-10 18h03.33.533957 +0530,
74,0,74,down,0,1.0385536000003412,None,0,74,0,74,0,140.63741059999938,,140.6333442999994,140.63741059999938,141.6240384999992,141.6240384999992,142.66577629999938,down,0,1.0385536000003412,None,0,1,001,2025-09-10_18h03.24.581,orientation_discrimination,,2025.1.1,146.2730361755524,2025-09-10 18h03.33.533957 +0530,
75,0,75,up,1,0.5628388999994058,None,0,75,0,75,0,142.67269039999974,,142.66594179999993,142.67269039999974,143.65835209999932,143.65835209999932,144.2226944999993,up,1,0.5628388999994058,None,0,1,001,2025-09-10_18h03.24.581,orientation_discrimination,,2025.1.1,146.2730361755524,2025-09-10 18h03.33.533957 +0530,
76,0,76,up,1,0.592333200000212,None,0,76,0,76,0,144.22811399999955,,144.2228658999993,144.22811399999955,145.21443549999913,145.21443549999913,145.8128944,up,1,0.592333200000212,None,0,1,001,2025-09-10_18h03.24.581,orientation_discrimination,,2025.1.1,146.2730361755524,2025-09-10 18h03.33.533957 +0530,
77,0,77,up,1,0.6181507000001147,None,0,77,0,77,0,145.81911539999965,,145.8131741999996,145.81911539999965,146.80764239999917,146.80764239999917,147.43005709999943,up,1,0.6181507000001147,None,0,1,001,2025-09-10_18h03.24.581,orientation_discrimination,,2025.1.1,146.2730361755524,2025-09-10 18h03.33.533957 +0530,
78,0,78,down,1,0.9669321000001219,None,-4,78,0,78,0,147.4360625999998,,147.43024229999992,147.4360625999998,148.4227151999994,148.4227151999994,149.39499869999963,down,1,0.9669321000001219,None,-4,1,001,2025-09-10_18h03.24.581,orientation_discrimination,,2025.1.1,146.2730361755524,2025-09-10 18h03.33.533957 +0530,
79,0,79,down,1,0.48458320000008825,None,-3,79,0,79,0,149.40151989999958,,149.39523389999977,149.40151989999958,150.38777179999943,150.38777179999943,150.87496939999983,down,1,0.48458320000008825,None,-3,1,001,2025-09-10_18h03.24.581,orientation_discrimination,,2025.1.1,146.2730361755524,2025-09-10 18h03.33.533957 +0530,
80,0,80,down,1,0.9825840000003154,None,4,80,0,80,0,150.8809459999993,,150.87515659999917,150.8809459999993,151.8669971999998,151.8669971999998,152.85330649999923,down,1,0.9825840000003154,None,4,1,001,2025-09-10_18h03.24.581,orientation_discrimination,,2025.1.1,146.2730361755524,2025-09-10 18h03.33.533957 +0530,
81,0,81,up,1,0.6242486000001009,None,0,81,0,81,0,152.8598892,,152.8535151999995,152.8598892,153.8462559999998,153.8462559999998,154.4721628999996,up,1,0.6242486000001009,None,0,1,001,2025-09-10_18h03.24.581,orientation_discrimination,,2025.1.1,146.2730361755524,2025-09-10 18h03.33.533957 +0530,
82,0,82,down,1,1.4142795999996451,None,4,82,0,82,0,154.47820289999981,,154.47237249999944,154.47820289999981,155.46456559999933,155.46456559999933,156.88190209999993,down,1,1.4142795999996451,None,4,1,001,2025-09-10_18h03.24.581,orientation_discrimination,,2025.1.1,146.2730361755524,2025-09-10 18h03.33.533957 +0530,
83,0,83,up,1,0.6497358999995413,None,0,83,0,83,0,156.8882550999997,,156.88209899999947,156.8882550999997,157.87396029999945,157.87396029999945,158.52718149999964,up,1,0.6497358999995413,None,0,1,001,2025-09-10_18h03.24.581,orientation_discrimination,,2025.1.1,146.2730361755524,2025-09-10 18h03.33.533957 +0530,
84,0,84,up,0,0.5962816999999632,None,1,84,0,84,0,158.53383199999917,,158.52735569999913,158.53383199999917,159.52013929999976,159.52013929999976,160.11946649999936,up,0,0.5962816999999632,None,1,1,001,2025-09-10_18h03.24.581,orientation_discrimination,,2025.1.1,146.2730361755524,2025-09-10 18h03.33.533957 +0530,
85,0,85,up,1,0.6582232000000658,None,0,85,0,85,0,160.12486909999916,,160.1197360999995,160.12486909999916,161.11020469999949,161.11020469999949,161.7715091,up,1,0.6582232000000658,None,0,1,001,2025-09-10_18h03.24.581,orientation_discrimination,,2025.1.1,146.2730361755524,2025-09-10 18h03.33.533957 +0530,
86,0,86,up,1,0.8035829999998896,None,0,86,0,86,0,161.77704249999988,,161.7719363999995,161.77704249999988,162.76336749999973,162.76336749999973,163.5697057999996,up,1,0.8035829999998896,None,0,1,001,2025-09-10_18h03.24.581,orientation_discrimination,,2025.1.1,146.2730361755524,2025-09-10 18h03.33.533957 +0530,
87,0,87,up,1,0.742411500000344,None,0,87,0,87,0,163.57524209999974,,163.56988159999946,163.57524209999974,164.56139969999913,164.56139969999913,165.3060470999999,up,1,0.742411500000344,None,0,1,001,2025-09-10_18h03.24.581,orientation_discrimination,,2025.1.1,146.2730361755524,2025-09-10 18h03.33.533957 +0530,
88,0,88,up,1,0.7410522999998648,None,0,88,0,88,0,165.31171499999982,,165.3062276999999,165.31171499999982,166.29799659999935,166.29799659999935,167.0423934999999,up,1,0.7410522999998648,None,0,1,001,2025-09-10_18h03.24.581,orientation_discrimination,,2025.1.1,146.2730361755524,2025-09-10 18h03.33.533957 +0530,
89,0,89,up,1,0.6414995000004637,None,0,89,0,89,0,167.04806419999932,,167.04259169999932,167.04806419999932,168.03413349999937,168.03413349999937,168.67992179999965,up,1,0.6414995000004637,None,0,1,001,2025-09-10_18h03.24.581,orientation_discrimination,,2025.1.1,146.2730361755524,2025-09-10 18h03.33.533957 +0530,
90,0,90,down,0,1.1890388000001622,None,0,90,0,90,0,168.68638119999923,,168.68008559999998,168.68638119999923,169.6725633999995,169.6725633999995,170.86779989999923,down,0,1.1890388000001622,None,0,1,001,2025-09-10_18h03.24.581,orientation_discrimination,,2025.1.1,146.2730361755524,2025-09-10 18h03.33.533957 +0530,
91,0,91,down,0,0.7385742000005848,None,0,91,0,91,0,170.8742700999992,,170.86797419999948,170.8742700999992,171.86041399999976,171.86041399999976,172.6035695999999,down,0,0.7385742000005848,None,0,1,001,2025-09-10_18h03.24.581,orientation_discrimination,,2025.1.1,146.2730361755524,2025-09-10 18h03.33.533957 +0530,
92,0,92,up,1,1.4672358999996504,None,0,92,0,92,0,172.61037809999925,,172.6037222999994,172.61037809999925,173.59708949999913,173.59708949999913,175.06900469999982,up,1,1.4672358999996504,None,0,1,001,2025-09-10_18h03.24.581,orientation_discrimination,,2025.1.1,146.2730361755524,2025-09-10 18h03.33.533957 +0530,
93,0,93,down,1,1.0150830000002316,None,4,93,0,93,0,175.0757393999993,,175.0691709999992,175.0757393999993,176.06214739999996,176.06214739999996,177.08302849999927,down,1,1.0150830000002316,None,4,1,001,2025-09-10_18h03.24.581,orientation_discrimination,,2025.1.1,146.2730361755524,2025-09-10 18h03.33.533957 +0530,
94,0,94,up,1,1.3386573000007047,None,0,94,0,94,0,177.08981179999955,,177.08319699999993,177.08981179999955,178.07582430000002,178.07582430000002,179.4175699999996,up,1,1.3386573000007047,None,0,1,001,2025-09-10_18h03.24.581,orientation_discrimination,,2025.1.1,146.2730361755524,2025-09-10 18h03.33.533957 +0530,
95,0,95,down,0,0.6142620999999053,None,0,95,0,95,0,179.42297399999916,,179.41775229999985,179.42297399999916,180.40932959999918,180.40932959999918,181.02752249999958,down,0,0.6142620999999053,None,0,1,001,2025-09-10_18h03.24.581,orientation_discrimination,,2025.1.1,146.2730361755524,2025-09-10 18h03.33.533957 +0530,
96,0,96,down,0,0.8040024000001722,None,0,96,0,96,0,181.03410079999958,,181.0276688999993,181.03410079999958,182.02091819999987,182.02091819999987,182.82704849999936,down,0,0.8040024000001722,None,0,1,001,2025-09-10_18h03.24.581,orientation_discrimination,,2025.1.1,146.2730361755524,2025-09-10 18h03.33.533957 +0530,
97,0,97,down,0,0.7985271000006833,None,0,97,0,97,0,182.8325462999992,,182.82721149999998,182.8325462999992,183.81853259999934,183.81853259999934,184.61843619999945,down,0,0.7985271000006833,None,0,1,001,2025-09-10_18h03.24.581,orientation_discrimination,,2025.1.1,146.2730361755524,2025-09-10 18h03.33.533957 +0530,
98,0,98,up,1,0.7412522999993598,None,0,98,0,98,0,184.6246444999997,,184.61862779999956,184.6246444999997,185.61068609999984,185.61068609999984,186.35496029999922,up,1,0.7412522999993598,None,0,1,001,2025-09-10_18h03.24.581,orientation_discrimination,,2025.1.1,146.2730361755524,2025-09-10 18h03.33.533957 +0530,
99,0,99,up,1,0.713454400000046,None,0,99,0,99,0,186.36079559999962,,186.35515439999926,186.36079559999962,187.34697029999916,187.34697029999916,188.06325109999943,up,1,0.713454400000046,None,0,1,001,2025-09-10_18h03.24.581,orientation_discrimination,,2025.1.1,146.2730361755524,2025-09-10 18h03.33.533957 +0530,
