stair.thisTrialN,stair.stepSize,stair.intensity,thisRow.t,notes,trial.started,fixation.started,grating.started,key_resp.started,fixation.stopped,grating.stopped,trial.stopped,corrAns,tilt,key_resp.corr,stair.response,key_resp.rt,participant,session,date,expName,expVersion,psychopyVersion,frameRate,expStart
0,2,10,0.0217863,,0.0095727,0.0217863,0.5067916,0.5067916,0.5149425,0.8010043,3.7354307,left,-10,0,0,2.1357051,689907,1,2025-08-29_17h29.56.133,adaptive_staircase,,2025.1.1,None,2025-08-29 17h29.58.743922 +0530
1,1,20,3.7443449,,3.7355708,3.7443449,4.2380643,4.2380643,4.2465334,4.5379233,4.8090819,right,20,1,1,0.5624375,689907,1,2025-08-29_17h29.56.133,adaptive_staircase,,2025.1.1,None,2025-08-29 17h29.58.743922 +0530
2,1,2,4.8210073,,4.8092428,4.8210073,5.3074728,5.3074728,5.3155334,5.6069552,6.4542215,right,2,0,0,1.1458941,689907,1,2025-08-29_17h29.56.133,adaptive_staircase,,2025.1.1,None,2025-08-29 17h29.58.743922 +0530
3,1,20,6.4663906,,6.4544396,6.4663906,6.9531787,6.9531787,6.9612044,7.2531492,7.3646682,right,20,1,1,0.4095207,689907,1,2025-08-29_17h29.56.133,adaptive_staircase,,2025.1.1,None,2025-08-29 17h29.58.743922 +0530
4,1,20,7.3761764,,7.3648293,7.3761764,7.8626876,7.8626876,7.8716032,8.1555554,8.3226322,left,-20,1,1,0.4523574,689907,1,2025-08-29_17h29.56.133,adaptive_staircase,,2025.1.1,None,2025-08-29 17h29.58.743922 +0530
5,0.5,20,8.3348941,,8.3227926,8.3348941,8.821733,8.821733,8.8296042,9.1197134,9.1836147,left,-20,1,1,0.3597133,689907,1,2025-08-29_17h29.56.133,adaptive_staircase,,2025.1.1,None,2025-08-29 17h29.58.743922 +0530
6,0.5,6.32455532,9.196356,,9.1837518,9.196356,9.6832267,9.6832267,9.6919401,9.9827465,10.2049348,right,6.32455532,1,1,0.5159419,689907,1,2025-08-29_17h29.56.133,adaptive_staircase,,2025.1.1,None,2025-08-29 17h29.58.743922 +0530
7,0.5,6.32455532,10.2168892,,10.205044,10.2168892,10.6972424,10.6972424,10.7110617,10.9890169,11.2738566,left,-6.32455532,1,1,0.5716757,689907,1,2025-08-29_17h29.56.133,adaptive_staircase,,2025.1.1,None,2025-08-29 17h29.58.743922 +0530
8,0.5,6.32455532,11.2811109,,11.2739656,11.2811109,11.7724332,11.7724332,11.7810276,12.0654447,12.169666,right,6.32455532,1,1,0.3961507,689907,1,2025-08-29_17h29.56.133,adaptive_staircase,,2025.1.1,None,2025-08-29 17h29.58.743922 +0530
9,0.5,2,12.181753,,12.1698298,12.181753,12.6685906,12.6685906,12.6767022,12.9664391,13.336818,right,2,0,0,0.6653887,689907,1,2025-08-29_17h29.56.133,adaptive_staircase,,2025.1.1,None,2025-08-29 17h29.58.743922 +0530
10,0.5,6.32455532,13.3492359,,13.3370269,13.3492359,13.8367225,13.8367225,13.8488027,14.1283228,14.4061769,right,6.32455532,1,1,0.568897,689907,1,2025-08-29_17h29.56.133,adaptive_staircase,,2025.1.1,None,2025-08-29 17h29.58.743922 +0530
11,0.5,6.32455532,14.4182481,,14.4063663,14.4182481,14.8985666,14.8985666,14.9124652,15.1902075,15.279858,left,-6.32455532,1,1,0.3727783,689907,1,2025-08-29_17h29.56.133,adaptive_staircase,,2025.1.1,None,2025-08-29 17h29.58.743922 +0530
12,0.5,6.32455532,15.2875666,,15.2799608,15.2875666,15.7745145,15.7745145,15.7866597,16.0649446,16.2117104,right,6.32455532,1,1,0.4362766,689907,1,2025-08-29_17h29.56.133,adaptive_staircase,,2025.1.1,None,2025-08-29 17h29.58.743922 +0530
13,0.5,2,16.2236358,,16.2118514,16.2236358,16.7116414,16.7116414,16.7237325,17.003894,17.128822,right,2,0,0,0.4113417,689907,1,2025-08-29_17h29.56.133,adaptive_staircase,,2025.1.1,None,2025-08-29 17h29.58.743922 +0530
14,0.5,6.32455532,17.1408691,,17.1290077,17.1408691,17.6213748,17.6213748,17.642649,17.9131512,18.1776727,right,6.32455532,1,1,0.5517989,689907,1,2025-08-29_17h29.56.133,adaptive_staircase,,2025.1.1,None,2025-08-29 17h29.58.743922 +0530
15,0.5,6.32455532,18.189761,,18.1780078,18.189761,18.675845,18.675845,18.6850179,18.9751019,19.267327,left,-6.32455532,1,1,0.586508,689907,1,2025-08-29_17h29.56.133,adaptive_staircase,,2025.1.1,None,2025-08-29 17h29.58.743922 +0530
16,0.5,6.32455532,19.2799296,,19.2675429,19.2799296,19.7598979,19.7598979,19.7795214,20.0518037,20.3509568,right,6.32455532,1,1,0.5845514,689907,1,2025-08-29_17h29.56.133,adaptive_staircase,,2025.1.1,None,2025-08-29 17h29.58.743922 +0530
17,0.5,2,20.3629023,,20.3510794,20.3629023,20.8488962,20.8488962,20.8579163,21.1413628,21.5040595,left,-2,1,1,0.6467154,689907,1,2025-08-29_17h29.56.133,adaptive_staircase,,2025.1.1,None,2025-08-29 17h29.58.743922 +0530
18,0.5,2,21.5154759,,21.5043104,21.5154759,22.0027572,22.0027572,22.0097995,22.2942314,23.6567778,left,-2,1,1,1.6535865,689907,1,2025-08-29_17h29.56.133,adaptive_staircase,,2025.1.1,None,2025-08-29 17h29.58.743922 +0530
19,0.5,2,23.6680822,,23.6569357,23.6680822,24.1549953,24.1549953,24.1631006,24.4470815,24.746135,right,2,1,1,0.5897529,689907,1,2025-08-29_17h29.56.133,adaptive_staircase,,2025.1.1,None,2025-08-29 17h29.58.743922 +0530
20,0.5,1,24.7528036,,24.7462491,24.7528036,25.2475933,25.2475933,25.2475933,25.5375962,25.794687,left,-1,1,1,0.5441154,689907,1,2025-08-29_17h29.56.133,adaptive_staircase,,2025.1.1,None,2025-08-29 17h29.58.743922 +0530
21,0.5,1,25.8011822,,25.7947885,25.8011822,26.2877701,26.2877701,26.2952634,26.5791408,26.8362498,left,-1,1,1,0.5479707,689907,1,2025-08-29_17h29.56.133,adaptive_staircase,,2025.1.1,None,2025-08-29 17h29.58.743922 +0530
22,0.5,1,26.8428035,,26.8363518,26.8428035,27.335363,27.335363,27.3442037,27.6275896,28.1764777,right,1,0,0,0.8346279,689907,1,2025-08-29_17h29.56.133,adaptive_staircase,,2025.1.1,None,2025-08-29 17h29.58.743922 +0530
23,0.5,3.16227766,28.1836432,,28.1765861,28.1836432,28.6766015,28.6766015,28.6766015,28.9683122,29.2740966,right,3.16227766,1,1,0.5948751,689907,1,2025-08-29_17h29.56.133,adaptive_staircase,,2025.1.1,None,2025-08-29 17h29.58.743922 +0530
24,0.5,3.16227766,29.280601,,29.2742451,29.280601,29.7667063,29.7667063,29.7742681,30.0588652,30.2463036,left,-3.16227766,1,1,0.4781996,689907,1,2025-08-29_17h29.56.133,adaptive_staircase,,2025.1.1,None,2025-08-29 17h29.58.743922 +0530
25,0.5,3.16227766,30.2581709,,30.2465009,30.2581709,30.7393201,30.7393201,30.7531217,31.03035,31.1418704,left,-3.16227766,1,1,0.3955434,689907,1,2025-08-29_17h29.56.133,adaptive_staircase,,2025.1.1,None,2025-08-29 17h29.58.743922 +0530
26,0.5,1,31.1483657,,31.1419818,31.1483657,31.6410835,31.6410835,31.6499678,31.9409289,32.3295219,left,-1,1,1,0.6860265,689907,1,2025-08-29_17h29.56.133,adaptive_staircase,,2025.1.1,None,2025-08-29 17h29.58.743922 +0530
27,0.5,1,32.3361161,,32.329635,32.3361161,32.8226531,32.8226531,32.835486,33.1200072,33.5175549,right,1,0,0,0.6879541,689907,1,2025-08-29_17h29.56.133,adaptive_staircase,,2025.1.1,None,2025-08-29 17h29.58.743922 +0530
28,0.5,3.16227766,33.5295565,,33.5176841,33.5295565,34.0099945,34.0099945,34.0238017,34.3015074,34.6836566,left,-3.16227766,1,1,0.6681873,689907,1,2025-08-29_17h29.56.133,adaptive_staircase,,2025.1.1,None,2025-08-29 17h29.58.743922 +0530
29,0.5,3.16227766,34.6900733,,34.6838167,34.6900733,35.1774361,35.1774361,35.189496,35.4681343,35.7047184,left,-3.16227766,1,1,0.5222962,689907,1,2025-08-29_17h29.56.133,adaptive_staircase,,2025.1.1,None,2025-08-29 17h29.58.743922 +0530
30,0.5,3.16227766,35.7169439,,35.7049277,35.7169439,36.2035919,36.2035919,36.211665,36.4960984,36.7183228,right,3.16227766,1,1,0.5130316,689907,1,2025-08-29_17h29.56.133,adaptive_staircase,,2025.1.1,None,2025-08-29 17h29.58.743922 +0530
31,0.5,1,36.7258199,,36.7184268,36.7258199,37.211549,37.211549,37.218183,37.5028351,37.8232192,left,-1,1,1,0.6113034,689907,1,2025-08-29_17h29.56.133,adaptive_staircase,,2025.1.1,None,2025-08-29 17h29.58.743922 +0530
32,0.5,1,37.8352182,,37.8233699,37.8352182,38.3154767,38.3154767,38.3295343,38.6069313,39.0532905,left,-1,1,1,0.7337033,689907,1,2025-08-29_17h29.56.133,adaptive_staircase,,2025.1.1,None,2025-08-29 17h29.58.743922 +0530
33,0.5,1,39.0656413,,39.0534363,39.0656413,39.54462,39.54462,39.5586757,39.8361253,40.1634289,right,1,1,1,0.6181469,689907,1,2025-08-29_17h29.56.133,adaptive_staircase,,2025.1.1,None,2025-08-29 17h29.58.743922 +0530
34,0.5,1,40.1751259,,40.1635327,40.1751259,40.6558972,40.6558972,40.6697053,40.9475111,41.3784467,left,-1,1,1,0.7216856,689907,1,2025-08-29_17h29.56.133,adaptive_staircase,,2025.1.1,None,2025-08-29 17h29.58.743922 +0530
35,0.5,1,41.3849173,,41.3785492,41.3849173,41.8767388,41.8767388,41.8853549,42.1703481,42.4760503,right,1,1,1,0.5986555,689907,1,2025-08-29_17h29.56.133,adaptive_staircase,,2025.1.1,None,2025-08-29 17h29.58.743922 +0530
36,0.5,1,42.4875751,,42.4761555,42.4875751,42.9741445,42.9741445,42.9823124,43.2743256,43.6281781,right,1,1,1,0.6478082,689907,1,2025-08-29_17h29.56.133,adaptive_staircase,,2025.1.1,None,2025-08-29 17h29.58.743922 +0530
37,0.5,1,43.6350537,,43.628284,43.6350537,44.1267942,44.1267942,44.1362146,44.4196899,44.7251556,right,1,1,1,0.5951347,689907,1,2025-08-29_17h29.56.133,adaptive_staircase,,2025.1.1,None,2025-08-29 17h29.58.743922 +0530
38,0.5,1,44.7320291,,44.7252675,44.7320291,45.2185595,45.2185595,45.2257961,45.5100754,46.8439273,right,1,1,1,1.6231339,689907,1,2025-08-29_17h29.56.133,adaptive_staircase,,2025.1.1,None,2025-08-29 17h29.58.743922 +0530
39,0.5,1,46.8559964,,46.844125,46.8559964,47.3377316,47.3377316,47.3583783,47.6280948,48.4413789,left,-1,1,1,1.0975802,689907,1,2025-08-29_17h29.56.133,adaptive_staircase,,2025.1.1,None,2025-08-29 17h29.58.743922 +0530
40,0.5,1,48.4532772,,48.4415399,48.4532772,48.9337963,48.9337963,48.947576,49.2251712,49.6566404,right,1,1,1,0.7165373,689907,1,2025-08-29_17h29.56.133,adaptive_staircase,,2025.1.1,None,2025-08-29 17h29.58.743922 +0530
41,0.5,1,49.6686966,,49.6567756,49.6686966,50.1491451,50.1491451,50.1629624,50.4407492,50.77464,left,-1,1,1,0.62004,689907,1,2025-08-29_17h29.56.133,adaptive_staircase,,2025.1.1,None,2025-08-29 17h29.58.743922 +0530
42,0.5,1,50.7866849,,50.7747504,50.7866849,51.2672895,51.2672895,51.2812813,51.5588177,51.7254444,right,1,1,1,0.451363,689907,1,2025-08-29_17h29.56.133,adaptive_staircase,,2025.1.1,None,2025-08-29 17h29.58.743922 +0530
43,0.5,1,51.7320656,,51.7255533,51.7320656,52.2185289,52.2185289,52.2255441,52.5104217,52.7941718,right,1,1,1,0.5719422,689907,1,2025-08-29_17h29.56.133,adaptive_staircase,,2025.1.1,None,2025-08-29 17h29.58.743922 +0530
44,0.5,1,52.8024029,,52.7943514,52.8024029,53.2895534,53.2895534,53.3016968,53.5865249,53.8232617,right,1,1,1,0.5280779,689907,1,2025-08-29_17h29.56.133,adaptive_staircase,,2025.1.1,None,2025-08-29 17h29.58.743922 +0530
45,0.5,1,53.8350972,,53.8234266,53.8350972,54.3161231,54.3161231,54.3354794,54.6077799,54.8366717,left,-1,1,1,0.5168562,689907,1,2025-08-29_17h29.56.133,adaptive_staircase,,2025.1.1,None,2025-08-29 17h29.58.743922 +0530
46,0.5,1,54.843282,,54.8368487,54.843282,55.3297148,55.3297148,55.3367992,55.6212756,55.9136138,left,-1,1,1,0.5776606,689907,1,2025-08-29_17h29.56.133,adaptive_staircase,,2025.1.1,None,2025-08-29 17h29.58.743922 +0530
47,0.5,1,55.9255069,,55.9137808,55.9255069,56.4120395,56.4120395,56.4210695,56.7049201,56.8981054,right,1,1,1,0.4803809,689907,1,2025-08-29_17h29.56.133,adaptive_staircase,,2025.1.1,None,2025-08-29 17h29.58.743922 +0530
48,0.5,1,56.9117093,,56.898241,56.9117093,57.3978369,57.3978369,57.4068313,57.6908409,57.8721959,right,1,1,1,0.4685114,689907,1,2025-08-29_17h29.56.133,adaptive_staircase,,2025.1.1,None,2025-08-29 17h29.58.743922 +0530
49,0.5,1,57.883905,,57.8723998,57.883905,58.3645295,58.3645295,58.3783578,58.6561492,58.9063443,right,1,1,1,0.5348081,689907,1,2025-08-29_17h29.56.133,adaptive_staircase,,2025.1.1,None,2025-08-29 17h29.58.743922 +0530
50,0.5,1,58.9133318,,58.9065076,58.9133318,59.3993982,59.3993982,59.4061677,59.6907543,60.030381,left,-1,1,1,0.6266018,689907,1,2025-08-29_17h29.56.133,adaptive_staircase,,2025.1.1,None,2025-08-29 17h29.58.743922 +0530
51,0.5,1,60.0389251,,60.0305027,60.0389251,60.5302887,60.5302887,60.5381932,60.8227541,60.9340619,right,1,1,1,0.3972407,689907,1,2025-08-29_17h29.56.133,adaptive_staircase,,2025.1.1,None,2025-08-29 17h29.58.743922 +0530
52,0.5,1,60.940626,,60.9341944,60.940626,61.4273717,61.4273717,61.4398235,61.7195342,61.9616592,right,1,1,1,0.5277731,689907,1,2025-08-29_17h29.56.133,adaptive_staircase,,2025.1.1,None,2025-08-29 17h29.58.743922 +0530
53,0.5,1,61.9683898,,61.9617598,61.9683898,62.4547355,62.4547355,62.4617292,62.7466817,63.0175037,left,-1,1,1,0.5577957,689907,1,2025-08-29_17h29.56.133,adaptive_staircase,,2025.1.1,None,2025-08-29 17h29.58.743922 +0530
54,0.5,1,63.0240329,,63.0176596,63.0240329,63.516166,63.516166,63.5245148,63.8087653,64.0033375,right,1,1,1,0.4806813,689907,1,2025-08-29_17h29.56.133,adaptive_staircase,,2025.1.1,None,2025-08-29 17h29.58.743922 +0530
55,0.5,1,64.0104134,,64.0035094,64.0104134,64.4968343,64.4968343,64.5037873,64.7882527,65.0594272,left,-1,1,1,0.5556182,689907,1,2025-08-29_17h29.56.133,adaptive_staircase,,2025.1.1,None,2025-08-29 17h29.58.743922 +0530
56,0.5,1,65.0715543,,65.059629,65.0715543,65.5522425,65.5522425,65.5663717,65.8435742,66.1492908,right,1,1,1,0.5955017,689907,1,2025-08-29_17h29.56.133,adaptive_staircase,,2025.1.1,None,2025-08-29 17h29.58.743922 +0530
57,0.5,1,66.1560029,,66.1493969,66.1560029,66.6482448,66.6482448,66.6565312,66.9471557,67.3307415,right,1,0,0,0.6763516,689907,1,2025-08-29_17h29.56.133,adaptive_staircase,,2025.1.1,None,2025-08-29 17h29.58.743922 +0530
58,0.5,3.16227766,67.3425804,,67.3309578,67.3425804,67.8232056,67.8232056,67.8423653,68.1143051,68.441405,left,-3.16227766,1,1,0.613583,689907,1,2025-08-29_17h29.56.133,adaptive_staircase,,2025.1.1,None,2025-08-29 17h29.58.743922 +0530
59,0.5,3.16227766,68.452976,,68.4416028,68.452976,68.9399022,68.9399022,68.948111,69.2325928,69.503213,left,-3.16227766,1,1,0.5595508,689907,1,2025-08-29_17h29.56.133,adaptive_staircase,,2025.1.1,None,2025-08-29 17h29.58.743922 +0530
60,0.5,3.16227766,69.5109862,,69.5033831,69.5109862,70.0026183,70.0026183,70.0106933,70.2950595,70.5251302,right,3.16227766,1,1,0.5216123,689907,1,2025-08-29_17h29.56.133,adaptive_staircase,,2025.1.1,None,2025-08-29 17h29.58.743922 +0530
61,0.5,1,70.537568,,70.5252646,70.537568,71.0175474,71.0175474,71.0315346,71.3155822,71.5868438,left,-1,1,1,0.5635703,689907,1,2025-08-29_17h29.56.133,adaptive_staircase,,2025.1.1,None,2025-08-29 17h29.58.743922 +0530
62,0.5,1,71.5941697,,71.5869452,71.5941697,72.0798617,72.0798617,72.0874686,72.3787119,72.6160601,left,-1,1,1,0.5352198,689907,1,2025-08-29_17h29.56.133,adaptive_staircase,,2025.1.1,None,2025-08-29 17h29.58.743922 +0530
63,0.5,1,72.6273819,,72.6162337,72.6273819,73.1135815,73.1135815,73.1223823,73.4147924,73.6083343,left,-1,1,1,0.4871443,689907,1,2025-08-29_17h29.56.133,adaptive_staircase,,2025.1.1,None,2025-08-29 17h29.58.743922 +0530
64,0.5,1,73.6204261,,73.6084722,73.6204261,74.1069166,74.1069166,74.1157385,74.3992831,74.7469655,right,1,1,1,0.6340615,689907,1,2025-08-29_17h29.56.133,adaptive_staircase,,2025.1.1,None,2025-08-29 17h29.58.743922 +0530
65,0.5,1,74.7532385,,74.7470706,74.7532385,75.2402645,75.2402645,75.2465099,75.5390444,75.7744131,left,-1,1,1,0.5278461,689907,1,2025-08-29_17h29.56.133,adaptive_staircase,,2025.1.1,None,2025-08-29 17h29.58.743922 +0530
66,0.5,1,75.7810311,,75.7745408,75.7810311,76.2732277,76.2732277,76.2820537,76.5668706,76.6480866,right,1,1,1,0.3744271,689907,1,2025-08-29_17h29.56.133,adaptive_staircase,,2025.1.1,None,2025-08-29 17h29.58.743922 +0530
67,0.5,1,76.6564808,,76.648238,76.6564808,77.142853,77.142853,77.1504314,77.434172,77.6085366,left,-1,1,1,0.460591,689907,1,2025-08-29_17h29.56.133,adaptive_staircase,,2025.1.1,None,2025-08-29 17h29.58.743922 +0530
68,0.5,1,77.6202609,,77.6086558,77.6202609,78.1070151,78.1070151,78.1152083,78.3991418,78.5314142,right,1,1,1,0.4209031,689907,1,2025-08-29_17h29.56.133,adaptive_staircase,,2025.1.1,None,2025-08-29 17h29.58.743922 +0530
69,0.5,1,78.5379831,,78.5315169,78.5379831,79.0246723,79.0246723,79.0316594,79.3158334,79.4067026,left,-1,1,1,0.3759117,689907,1,2025-08-29_17h29.56.133,adaptive_staircase,,2025.1.1,None,2025-08-29 17h29.58.743922 +0530
70,0.5,1,79.4190493,,79.4068658,79.4190493,79.8996683,79.8996683,79.9134575,80.1908569,80.6846509,left,-1,0,0,0.7828676,689907,1,2025-08-29_17h29.56.133,adaptive_staircase,,2025.1.1,None,2025-08-29 17h29.58.743922 +0530
71,0.5,3.16227766,80.6964191,,80.6847922,80.6964191,81.1774023,81.1774023,81.191511,81.4751076,81.7473509,right,3.16227766,1,1,0.5690211,689907,1,2025-08-29_17h29.56.133,adaptive_staircase,,2025.1.1,None,2025-08-29 17h29.58.743922 +0530
72,0.5,3.16227766,81.759184,,81.7475111,81.759184,82.248181,82.248181,82.2606954,82.5383016,82.6931132,right,3.16227766,1,1,0.4415259,689907,1,2025-08-29_17h29.56.133,adaptive_staircase,,2025.1.1,None,2025-08-29 17h29.58.743922 +0530
73,0.5,3.16227766,82.7045436,,82.6934095,82.7045436,83.1844255,83.1844255,83.1980797,83.475832,83.6017672,right,3.16227766,1,1,0.4114305,689907,1,2025-08-29_17h29.56.133,adaptive_staircase,,2025.1.1,None,2025-08-29 17h29.58.743922 +0530
74,0.5,1,83.6135536,,83.6019286,83.6135536,84.0941679,84.0941679,84.1080762,84.3854893,84.7608206,right,1,1,1,0.6604496,689907,1,2025-08-29_17h29.56.133,adaptive_staircase,,2025.1.1,None,2025-08-29 17h29.58.743922 +0530
75,0.5,1,84.7673982,,84.7609332,84.7673982,85.2535642,85.2535642,85.2606058,85.545069,86.1221463,right,1,0,0,0.8630848,689907,1,2025-08-29_17h29.56.133,adaptive_staircase,,2025.1.1,None,2025-08-29 17h29.58.743922 +0530
76,0.5,3.16227766,86.1286177,,86.1222631,86.1286177,86.6151526,86.6151526,86.6218967,86.9066531,87.143027,right,3.16227766,1,1,0.5273713,689907,1,2025-08-29_17h29.56.133,adaptive_staircase,,2025.1.1,None,2025-08-29 17h29.58.743922 +0530
77,0.5,3.16227766,87.1552679,,87.1431925,87.1552679,87.6358709,87.6358709,87.6559296,87.9278883,88.1982128,left,-3.16227766,1,1,0.5559933,689907,1,2025-08-29_17h29.56.133,adaptive_staircase,,2025.1.1,None,2025-08-29 17h29.58.743922 +0530
78,0.5,3.16227766,88.2049042,,88.198402,88.2049042,88.6974732,88.6974732,88.7061915,88.9897518,89.3932133,left,-3.16227766,1,1,0.6887378,689907,1,2025-08-29_17h29.56.133,adaptive_staircase,,2025.1.1,None,2025-08-29 17h29.58.743922 +0530
79,0.5,1,89.4051449,,89.3936456,89.4051449,89.8858282,89.8858282,89.9001685,90.1772784,90.5112445,right,1,1,1,0.6202091,689907,1,2025-08-29_17h29.56.133,adaptive_staircase,,2025.1.1,None,2025-08-29 17h29.58.743922 +0530
80,0.5,1,90.5237184,,90.5114229,90.5237184,91.0041083,91.0041083,91.0180924,91.2954067,91.6708382,right,1,1,1,0.6627933,689907,1,2025-08-29_17h29.56.133,adaptive_staircase,,2025.1.1,None,2025-08-29 17h29.58.743922 +0530
81,0.5,1,91.6777298,,91.6710073,91.6777298,92.1695927,92.1695927,92.1784792,92.4698062,92.6780867,left,-1,1,1,0.5080226,689907,1,2025-08-29_17h29.56.133,adaptive_staircase,,2025.1.1,None,2025-08-29 17h29.58.743922 +0530
82,0.5,1,92.6902872,,92.6781885,92.6902872,93.1707562,93.1707562,93.1845325,93.4628359,93.7955532,right,1,1,1,0.6183158,689907,1,2025-08-29_17h29.56.133,adaptive_staircase,,2025.1.1,None,2025-08-29 17h29.58.743922 +0530
83,0.5,1,93.8022381,,93.7956703,93.8022381,94.2886373,94.2886373,94.295631,94.5800169,94.9489906,right,1,0,0,0.6544653,689907,1,2025-08-29_17h29.56.133,adaptive_staircase,,2025.1.1,None,2025-08-29 17h29.58.743922 +0530
84,0.5,3.16227766,94.9607848,,94.9491604,94.9607848,95.4412581,95.4412581,95.4552929,95.7411321,95.872367,right,3.16227766,1,1,0.4243611,689907,1,2025-08-29_17h29.56.133,adaptive_staircase,,2025.1.1,None,2025-08-29 17h29.58.743922 +0530
85,0.5,3.16227766,95.8788772,,95.8724723,95.8788772,96.3654282,96.3654282,96.3723749,96.6567603,96.8102474,right,3.16227766,1,1,0.4418047,689907,1,2025-08-29_17h29.56.133,adaptive_staircase,,2025.1.1,None,2025-08-29 17h29.58.743922 +0530
86,0.5,3.16227766,96.821976,,96.8105247,96.821976,97.3080221,97.3080221,97.3166468,97.6030899,97.8990743,right,3.16227766,1,1,0.5830425,689907,1,2025-08-29_17h29.56.133,adaptive_staircase,,2025.1.1,None,2025-08-29 17h29.58.743922 +0530
87,0.5,1,97.9072271,,97.8993374,97.9072271,98.3986589,98.3986589,98.4075298,98.6914063,99.0737446,right,1,1,1,0.6746428,689907,1,2025-08-29_17h29.56.133,adaptive_staircase,,2025.1.1,None,2025-08-29 17h29.58.743922 +0530
88,0.5,1,99.0857799,,99.073904,99.0857799,99.5665852,99.5665852,99.5804691,99.8581342,100.0315543,left,-1,1,1,0.4592449,689907,1,2025-08-29_17h29.56.133,adaptive_staircase,,2025.1.1,None,2025-08-29 17h29.58.743922 +0530
89,0.5,1,100.0383415,,100.0316709,100.0383415,100.5247083,100.5247083,100.5317489,100.8166476,100.9973236,left,-1,1,1,0.4612433,689907,1,2025-08-29_17h29.56.133,adaptive_staircase,,2025.1.1,None,2025-08-29 17h29.58.743922 +0530
90,0.5,1,101.0111146,,100.9975665,101.0111146,101.4966527,101.4966527,101.5109498,101.7901171,101.9851969,left,-1,1,1,0.4820063,689907,1,2025-08-29_17h29.56.133,adaptive_staircase,,2025.1.1,None,2025-08-29 17h29.58.743922 +0530
91,0.5,1,101.9966069,,101.9855085,101.9966069,102.4898591,102.4898591,102.4989638,102.7882364,102.9693229,right,1,0,0,0.4724802,689907,1,2025-08-29_17h29.56.133,adaptive_staircase,,2025.1.1,None,2025-08-29 17h29.58.743922 +0530
92,0.5,3.16227766,102.9823282,,102.9695229,102.9823282,103.4696545,103.4696545,103.4765047,103.7765059,104.0338978,left,-3.16227766,1,1,0.560134,689907,1,2025-08-29_17h29.56.133,adaptive_staircase,,2025.1.1,None,2025-08-29 17h29.58.743922 +0530
93,0.5,3.16227766,104.0451309,,104.0341323,104.0451309,104.5383535,104.5383535,104.5467644,104.836906,105.0736102,right,3.16227766,1,1,0.5305188,689907,1,2025-08-29_17h29.56.133,adaptive_staircase,,2025.1.1,None,2025-08-29 17h29.58.743922 +0530
94,0.5,3.16227766,105.0874032,,105.0739288,105.0874032,105.573065,105.573065,105.5873246,105.8736514,106.102523,right,3.16227766,1,1,0.5231634,689907,1,2025-08-29_17h29.56.133,adaptive_staircase,,2025.1.1,None,2025-08-29 17h29.58.743922 +0530
95,0.5,1,106.1145471,,106.1029102,106.1145471,106.6009952,106.6009952,106.6100398,106.8941652,107.2069326,right,1,1,1,0.6020046,689907,1,2025-08-29_17h29.56.133,adaptive_staircase,,2025.1.1,None,2025-08-29 17h29.58.743922 +0530
96,0.5,1,107.2187573,,107.2071651,107.2187573,107.7046893,107.7046893,107.7142171,108.0037214,108.2911837,left,-1,1,1,0.5857923,689907,1,2025-08-29_17h29.56.133,adaptive_staircase,,2025.1.1,None,2025-08-29 17h29.58.743922 +0530
97,0.5,1,108.3018635,,108.2914561,108.3018635,108.7890215,108.7890215,108.80232,109.0890038,109.6635883,right,1,0,0,0.8623558,689907,1,2025-08-29_17h29.56.133,adaptive_staircase,,2025.1.1,None,2025-08-29 17h29.58.743922 +0530
98,0.5,3.16227766,109.6715024,,109.6638203,109.6715024,110.1636615,110.1636615,110.1723603,110.4616825,110.7333037,left,-3.16227766,1,1,0.5609791,689907,1,2025-08-29_17h29.56.133,adaptive_staircase,,2025.1.1,None,2025-08-29 17h29.58.743922 +0530
99,0.5,3.16227766,110.7472255,,110.7335788,110.7472255,111.2334777,111.2334777,111.2475292,111.5263675,111.8047015,right,3.16227766,1,1,0.5663284,689907,1,2025-08-29_17h29.56.133,adaptive_staircase,,2025.1.1,None,2025-08-29 17h29.58.743922 +0530
